{
	"format_version": "1.21.70",
		"minecraft:block": {
			"description": {
				"identifier": "wipo:teleport",
				"menu_category": {
					"category": "construction", 
					"is_hidden_in_commands": false 
				},
				"states": {
					"wipo:teleport_light": ["off", "on"]
				}
			},
			"components": {
				"minecraft:light_emission": 6,
				"minecraft:geometry": {
					"identifier": "minecraft:geometry.full_block"
				},
				"minecraft:custom_components": ["wipo:teleport_components"],
				"minecraft:tick": {
					"looping": true,
					"interval_range": [60,60] 
				}
			},
			"permutations": [
				{
					"condition": "q.block_state('wipo:teleport_light') == 'on'",
					"components": {
						"minecraft:light_emission": 10
					}
				}
			]
		}
}
