{
    "format_version": "1.17.41",
    "minecraft:recipe_shaped": {
        "description": {
            "identifier": "wipo:teleport"
        },
        "tags": ["crafting_table"],
        "pattern": ["CRC", "RSR", "CRC"],
        "key": {
            "C": "minecraft:copper_ingot",
            "S": "minecraft:stone",
			"R": "minecraft:redstone"
        },
        "result": [
            {
                "item": "wipo:teleport",
                "count": 1
            }
        ]
    }
}