{
    "format_version": "1.21.80",
    "minecraft:recipe_shaped": {
        "description": {
            "identifier": "wipo:teletoken2"
        },
        "tags": ["crafting_table"],
        "pattern": ["SCS", "CSC", "SCS"],
        "key": {
            "C": "minecraft:copper_ingot",
            "S": "minecraft:stick"
        },
        "result": [
            {
                "item": "wipo:teletoken",
                "count": 2
            }
        ],
		"unlock": {
			"context": "AlwaysUnlocked"
		}
    }
}