{
	"format_version": "1.10.0",
	"particle_effect": {
		"description": {
			"identifier": "wipo:teleport_particle",
			"basic_render_parameters": {
				"material": "particles_alpha",
				"texture": "particles/teleport"
			}
		},
		"events": {
			"event": {}
		},
		"components": {
			"minecraft:emitter_local_space": {
				"position": false,
				"rotation": false
			},
			"minecraft:emitter_rate_steady": {
				"spawn_rate": 8,
				"max_particles": 15
			},
			"minecraft:emitter_lifetime_looping": {
				"active_time": 3
			},
			"minecraft:emitter_shape_sphere": {
				"offset": [0, 0.5, 0],
				"radius": 2.5,
				"surface_only": true,
				"direction": "inwards"
			},
			"minecraft:particle_lifetime_expression": {
				"max_lifetime": 1
			},
			"minecraft:particle_initial_spin": {
				"rotation": "math.random(-180, 180)"
			},
			"minecraft:particle_initial_speed": 1.5,
			"minecraft:particle_motion_dynamic": {
				"linear_drag_coefficient": 0.5
			},
			"minecraft:particle_motion_dynamic": {},
			"minecraft:particle_appearance_billboard": {
				"size": [0.1, 0.1],
				"facing_camera_mode": "rotate_xyz",
				"uv": {
					"texture_width": 16,
					"texture_height": 128,
					"flipbook": {
						"base_UV": ["Math.floor(v.particle_random_3 * 2) * 8", "Math.floor(v.particle_random_4 * 2) * 8"],
						"size_UV": [8, 8],
						"step_UV": [0, 16],
						"frames_per_second": 12,
						"max_frame": 8,
						"stretch_to_lifetime": true
					}
				}
			},
			"minecraft:particle_appearance_tinting": {
				"color": [1, 0.6549, 0, 1]
			}
		}
	}
}