{
	"format_version": "1.10.0",
	"particle_effect": {
		"description": {
			"identifier": "wipo:teleport2_particle",
			"basic_render_parameters": {
				"material": "particles_blend",
				"texture": "textures/particle/particles"
			}
		},
		"components": {
			"minecraft:emitter_rate_steady": {
				"spawn_rate": 5,
				"max_particles": 10
			},
			"minecraft:emitter_lifetime_looping": {
				"active_time": 2.5
			},
			"minecraft:emitter_shape_sphere": {
				"radius": 0.8,
				"direction": [0, 1, 0]
			},
			"minecraft:particle_lifetime_expression": {
				"max_lifetime": 2
			},
			"minecraft:particle_initial_speed": 0.5,
			"minecraft:particle_motion_dynamic": {
				"linear_acceleration": [0, 1, 0]
			},
			"minecraft:particle_appearance_billboard": {
				"size": [0.05, 0.88],
				"facing_camera_mode": "lookat_y",
				"uv": {
					"texture_width": 16,
					"texture_height": 16,
					"uv": [1, 10],
					"uv_size": [1, 1]
				}
			},
			"minecraft:particle_appearance_tinting": {
				"color": {
					"interpolant": "v.particle_age / v.particle_lifetime",
					"gradient": {
						"0.0": "#00A03500",
						"0.5": "#FFFF5100",
						"1.0": "#00C0701F"
					}
				}
			}
		}
	}
}