{
    "format_version": "1.21.70",
    "minecraft:item": 
	{
        "description": {
            "identifier": "wipo:plotclaim",
            "menu_category": {
                "category": "items"
            }
        },
        "components": {
            "minecraft:max_stack_size": 1,
			"minecraft:icon": "wipo_plotclaim",
			"minecraft:can_destroy_in_creative": false,
			"minecraft:glint" : true,
			"minecraft:should_despawn": true,
			"minecraft:custom_components": ["wipo:plotitem__components"]
        }
    }
}